table_schema,table_name,trigger_name,owner,trigger_definition,enabled_state,function_schema,function_name
public,alertas_oficiales,t_audit_alertas,postgres,CREATE TRIGGER t_audit_alertas AFTER INSERT OR DELETE OR UPDATE ON alertas_oficiales FOR EACH ROW EXECUTE FUNCTION fn_audit_log(),ENABLED,public,fn_audit_log
public,asignaciones_inspector,t_audit_asign,postgres,CREATE TRIGGER t_audit_asign AFTER INSERT OR DELETE OR UPDATE ON asignaciones_inspector FOR EACH ROW EXECUTE FUNCTION fn_audit_log(),ENABLED,public,fn_audit_log
public,asignaciones_inspector,tg_asignaciones_ai,postgres,CREATE TRIGGER tg_asignaciones_ai AFTER INSERT ON asignaciones_inspector FOR EACH ROW EXECUTE FUNCTION trg_asignaciones_after_insert(),ENABLED,public,trg_asignaciones_after_insert
public,comentario_reacciones,trg_comentario_reac_touch,postgres,CREATE TRIGGER trg_comentario_reac_touch BEFORE UPDATE ON comentario_reacciones FOR EACH ROW EXECUTE FUNCTION trg_touch_updated_at_comentario_reac(),ENABLED,public,trg_touch_updated_at_comentario_reac
public,comentarios_denuncias,trg_comentarios_den_set_usuario,postgres,CREATE TRIGGER trg_comentarios_den_set_usuario BEFORE INSERT ON comentarios_denuncias FOR EACH ROW EXECUTE FUNCTION trg_comentarios_den_set_usuario(),ENABLED,public,trg_comentarios_den_set_usuario
public,comentarios_denuncias,trg_prevent_parent_change,postgres,CREATE TRIGGER trg_prevent_parent_change BEFORE UPDATE ON comentarios_denuncias FOR EACH ROW EXECUTE FUNCTION trg_prevent_parent_change(),ENABLED,public,trg_prevent_parent_change
public,comentarios_denuncias,trg_validate_parent_comment,postgres,CREATE TRIGGER trg_validate_parent_comment BEFORE INSERT ON comentarios_denuncias FOR EACH ROW EXECUTE FUNCTION trg_validate_parent_comment(),ENABLED,public,trg_validate_parent_comment
public,denuncia_clasificaciones,trg_denuncia_clasif_unica_vigente,postgres,CREATE TRIGGER trg_denuncia_clasif_unica_vigente AFTER INSERT OR UPDATE OF vigente ON denuncia_clasificaciones FOR EACH ROW EXECUTE FUNCTION trg_denuncia_clasif_unica_vigente(),ENABLED,public,trg_denuncia_clasif_unica_vigente
public,denuncia_evidencias,t_audit_ev,postgres,CREATE TRIGGER t_audit_ev AFTER INSERT OR DELETE OR UPDATE ON denuncia_evidencias FOR EACH ROW EXECUTE FUNCTION fn_audit_log(),ENABLED,public,fn_audit_log
public,denuncia_evidencias,trg_evidencias_set_created_by,postgres,CREATE TRIGGER trg_evidencias_set_created_by BEFORE INSERT ON denuncia_evidencias FOR EACH ROW EXECUTE FUNCTION trg_evidencias_set_created_by(),ENABLED,public,trg_evidencias_set_created_by
public,denuncia_observaciones,t_audit_obs,postgres,CREATE TRIGGER t_audit_obs AFTER INSERT OR DELETE OR UPDATE ON denuncia_observaciones FOR EACH ROW EXECUTE FUNCTION fn_audit_log(),ENABLED,public,fn_audit_log
public,denuncia_reacciones,trg_reacciones_touch,postgres,CREATE TRIGGER trg_reacciones_touch BEFORE UPDATE ON denuncia_reacciones FOR EACH ROW EXECUTE FUNCTION trg_touch_updated_at(),ENABLED,public,trg_touch_updated_at
public,denuncias,t_audit_denuncias,postgres,CREATE TRIGGER t_audit_denuncias AFTER INSERT OR DELETE OR UPDATE ON denuncias FOR EACH ROW EXECUTE FUNCTION fn_audit_log(),ENABLED,public,fn_audit_log
public,denuncias,tg_denuncias_ai,postgres,CREATE TRIGGER tg_denuncias_ai AFTER INSERT ON denuncias FOR EACH ROW EXECUTE FUNCTION trg_denuncias_after_insert(),ENABLED,public,trg_denuncias_after_insert
public,denuncias,tg_denuncias_au,postgres,CREATE TRIGGER tg_denuncias_au AFTER UPDATE ON denuncias FOR EACH ROW EXECUTE FUNCTION trg_denuncias_after_update(),ENABLED,public,trg_denuncias_after_update
public,denuncias,tg_denuncias_bi,postgres,CREATE TRIGGER tg_denuncias_bi BEFORE INSERT ON denuncias FOR EACH ROW EXECUTE FUNCTION trg_denuncias_before_insert(),ENABLED,public,trg_denuncias_before_insert
public,denuncias,trg_denuncias_status_notify,postgres,CREATE TRIGGER trg_denuncias_status_notify AFTER UPDATE OF estado_id ON denuncias FOR EACH ROW WHEN (new.estado_id IS DISTINCT FROM old.estado_id) EXECUTE FUNCTION fn_enqueue_denuncia_status(),ENABLED,public,fn_enqueue_denuncia_status
public,eventos_turno,trg_eventos_turno_apply,postgres,CREATE TRIGGER trg_eventos_turno_apply AFTER INSERT ON eventos_turno FOR EACH ROW EXECUTE FUNCTION trg_eventos_turno_apply(),ENABLED,public,trg_eventos_turno_apply
public,movil_uso_kilometraje,trg_kilometraje_validar_y_sumar,postgres,CREATE TRIGGER trg_kilometraje_validar_y_sumar AFTER INSERT OR UPDATE ON movil_uso_kilometraje FOR EACH ROW EXECUTE FUNCTION trg_kilometraje_validar_y_sumar(),ENABLED,public,trg_kilometraje_validar_y_sumar
public,movil_usos,trg_usos_no_solapados_ins,postgres,CREATE TRIGGER trg_usos_no_solapados_ins BEFORE INSERT OR UPDATE ON movil_usos FOR EACH ROW EXECUTE FUNCTION trg_usos_no_solapados(),ENABLED,public,trg_usos_no_solapados
public,movil_usos,trg_usos_set_estado_movil_ins,postgres,CREATE TRIGGER trg_usos_set_estado_movil_ins AFTER INSERT ON movil_usos FOR EACH ROW EXECUTE FUNCTION trg_usos_set_estado_movil(),ENABLED,public,trg_usos_set_estado_movil
public,movil_usos,trg_usos_set_estado_movil_upd,postgres,CREATE TRIGGER trg_usos_set_estado_movil_upd AFTER UPDATE ON movil_usos FOR EACH ROW EXECUTE FUNCTION trg_usos_set_estado_movil(),ENABLED,public,trg_usos_set_estado_movil
public,push_status_queue,notify-status-change,postgres,"CREATE TRIGGER ""notify-status-change"" AFTER INSERT ON push_status_queue FOR EACH ROW EXECUTE FUNCTION supabase_functions.http_request('https://reckatoibnucblyibsih.supabase.co/functions/v1/notify-status-change', 'POST', '{""Content-type"":""application/json"",""Authorization"":""Bearer eyJhbGciOiJIUzI1NiIsInR5cCI6IkpXVCJ9.eyJpc3MiOiJzdXBhYmFzZSIsInJlZiI6InJlY2thdG9pYm51Y2JseWlic2loIiwicm9sZSI6InNlcnZpY2Vfcm9sZSIsImlhdCI6MTc1ODk5MjE4OSwiZXhwIjoyMDc0NTY4MTg5fQ.pz9JkQTCmYf25K-kK-YPlS6NnkQloqtADLjCiINS5sI"",""x-webhook-secret"":""2f9a1e07-8c3a-4d6b-b123-9f7a1e2c3d4b""}', '{}', '10000')",ENABLED,supabase_functions,http_request
public,usuarios_portal,t_audit_up,postgres,CREATE TRIGGER t_audit_up AFTER INSERT OR DELETE OR UPDATE ON usuarios_portal FOR EACH ROW EXECUTE FUNCTION fn_audit_log(),ENABLED,public,fn_audit_log